group,tau,mean_car,lo,hi,n_events
all_events,0,0.0,0.0,0.0,14536
all_events,1,-0.0010425376549539668,-0.0014512715767172422,-0.0006322057585134491,14536
all_events,2,-0.001300088752385054,-0.0018370890326676946,-0.0007555436607182425,14536
all_events,3,-0.0020434928875391724,-0.0026863014321788273,-0.0014047476586769852,14536
all_events,4,-0.0019269323708437445,-0.0026368703064128043,-0.0012349390345985783,14536
all_events,5,-0.002748133170441367,-0.003496763300658975,-0.0019998425138482816,14536
all_events,6,-0.002476725006218351,-0.003296815045735436,-0.0016426779922864565,14536
all_events,7,-0.0024667913352779654,-0.0033409287784398017,-0.0015912684494184758,14536
all_events,8,-0.0024469460502742927,-0.003381940726924536,-0.001524748758624345,14536
all_events,9,-0.0018795878692014492,-0.00284879221920396,-0.0009254979968116931,14536
all_events,10,-0.0020334035529188015,-0.0030281644133533328,-0.0010674736240658751,14536
all_events,11,-0.0016326435086966352,-0.0027083919526355318,-0.0006028561990856254,14536
all_events,12,-0.001828121789248139,-0.002955673475122536,-0.0007336862734030389,14536
all_events,13,-0.0020738228532006095,-0.003236993038510615,-0.0009473926734103075,14536
all_events,14,-0.0023084799345042786,-0.0034923263924475207,-0.0011601271332819763,14536
all_events,15,-0.0029543549674436818,-0.0041655505033108345,-0.0017711914865014625,14536
all_events,16,-0.002882964082040111,-0.004214705995587228,-0.0016351864615542309,14536
all_events,17,-0.003025102184357465,-0.004359603638657364,-0.001723841104130063,14536
all_events,18,-0.0033926915203009132,-0.004782779450772296,-0.0020945799427590367,14536
all_events,19,-0.003050257898579674,-0.004430234145004082,-0.0017003550986376896,14536
all_events,20,-0.002696844617859017,-0.004116183265525896,-0.0013866679746132162,14536
all_events,21,-0.001978359267500955,-0.003398352296479717,-0.0006095972808151335,14536
all_events,22,-0.001877507004128946,-0.0033037010924708023,-0.0005035103267101005,14536
all_events,23,-0.002094918368744891,-0.003512901167215891,-0.0006950654581451789,14536
all_events,24,-0.0023677420836919747,-0.00385662981094507,-0.0009614943925059745,14536
all_events,25,-0.002445960690768851,-0.004018726919799014,-0.0009944720885195328,14536
all_events,26,-0.0023893584634850527,-0.0039843260218961835,-0.0008528527708487204,14536
all_events,27,-0.0028084513123813005,-0.004412763449037081,-0.0012519506020434077,14536
all_events,28,-0.003251385375497021,-0.00484079773586284,-0.0017153415675825105,14536
all_events,29,-0.0030591676454469817,-0.004700824688929555,-0.0015283790146739791,14536
all_events,30,-0.0029673972678563236,-0.004582283544031811,-0.001416348529529983,14536
all_events,31,-0.0031544352193727133,-0.004851992612036056,-0.0015668817740145536,14536
all_events,32,-0.0031861572407599183,-0.004802111350124919,-0.0015954757587948144,14536
all_events,33,-0.0033362837338167797,-0.0049765209197076025,-0.0017212264087936976,14536
all_events,34,-0.003470520483522535,-0.0052007246332481044,-0.0018367288691335697,14536
all_events,35,-0.0036661362666546393,-0.005400916249756718,-0.0019692311399458137,14536
all_events,36,-0.003711142081072092,-0.005462437143678757,-0.0020322896905416153,14536
all_events,37,-0.003967131096221148,-0.005744844595932261,-0.002239398233282889,14536
all_events,38,-0.0037092413931058,-0.005497819718816956,-0.0019580136789522865,14536
all_events,39,-0.0037801968549184646,-0.005620822327728258,-0.0019679338239392756,14536
all_events,40,-0.0039244895928926046,-0.005811408142347199,-0.002096255497065344,14536
all_events,41,-0.004178886765384203,-0.006155442102399532,-0.002264059657534483,14536
all_events,42,-0.0038677976801653165,-0.005843780117284319,-0.0019642603400675984,14536
all_events,43,-0.004297581036195981,-0.006278170174393692,-0.00240029673564246,14536
all_events,44,-0.004529886013033745,-0.006535327848182518,-0.0026342539457508258,14536
all_events,45,-0.004611168381692447,-0.006621981194526503,-0.002682790695154668,14536
all_events,46,-0.004627957224722678,-0.00666883178447219,-0.002651260622206876,14536
all_events,47,-0.004941484401801584,-0.006990523169373659,-0.0029294443552294025,14536
all_events,48,-0.004950987493900428,-0.0070450018954355265,-0.0028929321825023175,14536
all_events,49,-0.005046831182337979,-0.007166625231890682,-0.002985963120335458,14536
all_events,50,-0.004852122435118062,-0.006983645399025983,-0.0027379885471951835,14536
all_events,51,-0.0049464338288808815,-0.0071098424265021104,-0.002831885918767554,14536
all_events,52,-0.004543431859526863,-0.006705041243797071,-0.0024091319831441027,14536
all_events,53,-0.004369757959744855,-0.006576495331711622,-0.002262269155522398,14536
all_events,54,-0.004487543668550926,-0.006722920405243169,-0.0024205406056944387,14536
all_events,55,-0.004552797260647884,-0.006746484348176175,-0.0024425881116078873,14536
all_events,56,-0.004538727559396301,-0.006807762606455845,-0.002401748416853614,14536
all_events,57,-0.004738671975598116,-0.007082034970333228,-0.0025631985873589063,14536
all_events,58,-0.004275548728335547,-0.006591124835304312,-0.0020998022817926626,14536
all_events,59,-0.004290250558529228,-0.006660976767254648,-0.002133483728670136,14536
all_events,60,-0.004248893257398785,-0.006682824016022379,-0.0020018118163987702,14536
broad_market,0,0.0,0.0,0.0,4937
broad_market,1,-0.0015053679683526382,-0.00229835082164555,-0.0007158951297126458,4937
broad_market,2,-0.0017948444605127652,-0.0028506135815858273,-0.0007649767519616016,4937
broad_market,3,-0.0036661407707461327,-0.004935818542353979,-0.002521546849992486,4937
broad_market,4,-0.0021375950807371678,-0.0035298428335356854,-0.0008197079742451744,4937
broad_market,5,-0.003940038155423792,-0.005413735143883989,-0.002517505934716879,4937
broad_market,6,-0.003769955073475717,-0.005444293833109405,-0.0021212704219373646,4937
broad_market,7,-0.003980398763984765,-0.005778712222823453,-0.002250043680381014,4937
broad_market,8,-0.0028327077619514623,-0.004690549746291298,-0.0011007711699381865,4937
broad_market,9,-0.0012576943916886656,-0.003191789937119603,0.0005547277783993445,4937
broad_market,10,-0.0025210670401466812,-0.004504880230151136,-0.0006156754168172506,4937
broad_market,11,-0.0010321801290207057,-0.0031968227923099353,0.001036863871014341,4937
broad_market,12,-0.0013425562871937156,-0.003542153750826231,0.0008368823857250688,4937
broad_market,13,-0.0022442376551779558,-0.00456763831972588,-7.811574854283008e-05,4937
broad_market,14,-0.0028070998891743027,-0.0052396406698445586,-0.0004747629622729126,4937
broad_market,15,-0.004503108144313681,-0.006933837297674324,-0.002105258909955947,4937
broad_market,16,-0.004762871268082565,-0.007280079841357494,-0.002237802379544849,4937
broad_market,17,-0.0045812543649253355,-0.00710234221168836,-0.002025401228578214,4937
broad_market,18,-0.0052809162573062155,-0.00780085062051951,-0.002663942473689937,4937
broad_market,19,-0.004439884835755548,-0.007045898489879109,-0.00184681339918991,4937
broad_market,20,-0.0034488294831400918,-0.006025695481179266,-0.0008638446572730191,4937
broad_market,21,-0.0022081268328008967,-0.004911080981630573,0.0005117163689515456,4937
broad_market,22,-0.0019881975011577045,-0.004699857474495519,0.0007282502653756064,4937
broad_market,23,-0.0020824828557983884,-0.004771845352805353,0.0006404475476009593,4937
broad_market,24,-0.00188272787567013,-0.0046750546902009,0.0009089738250979256,4937
broad_market,25,-0.0029696132816262855,-0.005899587802243702,-0.00012303023552527286,4937
broad_market,26,-0.0028416574449885838,-0.005817275882319264,5.023845097874254e-05,4937
broad_market,27,-0.0034252254703359525,-0.006572611980964797,-0.0003915019219884103,4937
broad_market,28,-0.00385353298648584,-0.006962792265273197,-0.0007657084834466116,4937
broad_market,29,-0.003111770585920449,-0.006275925110512418,-6.479728253317825e-05,4937
broad_market,30,-0.003060352983314763,-0.006217321564066447,4.210654826143986e-05,4937
broad_market,31,-0.0033700494520244604,-0.006551766630144813,-0.0002679637134490966,4937
broad_market,32,-0.003607839630746288,-0.0067824374463491075,-0.0004468153312040771,4937
broad_market,33,-0.004119653583595218,-0.007316966321834251,-0.0010190242681902125,4937
broad_market,34,-0.004266291834534325,-0.007427278425535466,-0.001017732868932646,4937
broad_market,35,-0.005110131958504233,-0.008291216808072282,-0.0018829385844912796,4937
broad_market,36,-0.004576443964586066,-0.007812041533909865,-0.0011881818528049098,4937
broad_market,37,-0.005136370232088292,-0.008369520354280064,-0.0017635698021685328,4937
broad_market,38,-0.005253974900631892,-0.008491689029725897,-0.0018661750926601871,4937
broad_market,39,-0.00485065815761292,-0.0081003877216794,-0.001467597379136114,4937
broad_market,40,-0.004982541423543311,-0.008324561402475845,-0.0016351906150811847,4937
broad_market,41,-0.005383707231422967,-0.008842980422399945,-0.0019295606449486644,4937
broad_market,42,-0.004612539107384257,-0.008040142090013145,-0.0012318198477221675,4937
broad_market,43,-0.00553996846668373,-0.009070892390514331,-0.0021132961043792394,4937
broad_market,44,-0.005553663178182488,-0.009142317946051175,-0.002090912906182111,4937
broad_market,45,-0.005537833224855189,-0.009097534138178369,-0.0020497881039705586,4937
broad_market,46,-0.005665607372540363,-0.009362396792176608,-0.002087896019294981,4937
broad_market,47,-0.006375999482953093,-0.010032860992460296,-0.0028041936624656192,4937
broad_market,48,-0.006634901586706536,-0.010199218370858715,-0.003010032070335838,4937
broad_market,49,-0.006559790353387909,-0.010145036829519791,-0.0029093224653480984,4937
broad_market,50,-0.005873102849802349,-0.00949010999931344,-0.0022724738061752404,4937
broad_market,51,-0.0058879143350150445,-0.009502503539656273,-0.002175941702889062,4937
broad_market,52,-0.0052137396874721445,-0.008914078304003013,-0.0016506867115335657,4937
broad_market,53,-0.005346136833189619,-0.009059131866623453,-0.0017719257338154096,4937
broad_market,54,-0.005380999977717967,-0.009154292657859792,-0.001790515487823658,4937
broad_market,55,-0.005432768619843635,-0.009159126084425729,-0.0018059062977104532,4937
broad_market,56,-0.00522220385996241,-0.009023161298775803,-0.0013948160082513671,4937
broad_market,57,-0.0054855005450205555,-0.00937090311109512,-0.0016984799950709132,4937
broad_market,58,-0.004427365521515937,-0.008203356676688292,-0.0005415082693929499,4937
broad_market,59,-0.0037566902546224607,-0.007505827170465967,-5.36031124462273e-05,4937
broad_market,60,-0.003545483322576159,-0.0073801859700066445,0.00027932949732306384,4937
sector,0,0.0,0.0,0.0,1425
sector,1,-0.0025095098366903863,-0.004101040646646705,-0.00104143611755944,1425
sector,2,-0.002244336417994523,-0.004343713547057995,-0.00012256265560926452,1425
sector,3,-0.002228427202380805,-0.004643745647347918,0.00040906309544888744,1425
sector,4,-0.003169167507305783,-0.005656437762873145,-0.0004414443242740258,1425
sector,5,-0.00416022299750807,-0.006851252506295529,-0.0012973496939362643,1425
sector,6,-0.003051755577029184,-0.006083600390271654,0.00011463198667531093,1425
sector,7,-0.0022723936015301835,-0.005602300436418379,0.0014449121216982832,1425
sector,8,-0.0037774339348851612,-0.007094038090870446,-0.00022880831436812105,1425
sector,9,-0.0037762885624274146,-0.007227314269933319,-0.00023955948817426794,1425
sector,10,-0.00215491356101596,-0.005715358601480719,0.0015201994188317673,1425
sector,11,-0.0012281309380970994,-0.004945104934650035,0.0026566015266684976,1425
sector,12,-0.0009145387713091707,-0.004662738535289088,0.0030049664657146283,1425
sector,13,0.0007832273019342383,-0.0031372737843871823,0.004891484681900696,1425
sector,14,-0.0008961762563820766,-0.004949936969333344,0.0033345043264686753,1425
sector,15,-0.000553309794919637,-0.004789134350960579,0.00376024167772666,1425
sector,16,-0.0007020529463287906,-0.005155510466513645,0.004015392710671599,1425
sector,17,-0.0015532890552522856,-0.005987561082932336,0.0031876530130095903,1425
sector,18,-0.0018871725297461245,-0.006444311837545777,0.0027385604319344193,1425
sector,19,-0.0018051904993743846,-0.006394513358049845,0.002899330847116253,1425
sector,20,-0.0025810500059060865,-0.0072389972385372425,0.0023638260225083345,1425
sector,21,-0.0022316704918109633,-0.006787117089480184,0.00257701559713718,1425
sector,22,-0.0024428081981362885,-0.007169573285410366,0.002478828935069633,1425
sector,23,-0.0027541110914648006,-0.007391556108300922,0.0021971661030447654,1425
sector,24,-0.004721880528439724,-0.00968938170007158,0.0005089206240554208,1425
sector,25,-0.004128140823508615,-0.009197252275938364,0.0011783084433794305,1425
sector,26,-0.004809677018054867,-0.009939856457805592,0.0004933454226145938,1425
sector,27,-0.0058026507920301805,-0.010985417146774918,-0.0005086577001318938,1425
sector,28,-0.005016137642107953,-0.010423425018472146,0.0003986001312013125,1425
sector,29,-0.0042951658368991395,-0.010029167132196185,0.0012519859786702624,1425
sector,30,-0.003759779722627234,-0.009691879049625315,0.0019456185551763934,1425
sector,31,-0.003689953790659168,-0.009765163880697472,0.0022923556240925886,1425
sector,32,-0.0037008236016054744,-0.009791379839727644,0.002124760307969284,1425
sector,33,-0.0026725111012538363,-0.009059607049283928,0.003510204093478596,1425
sector,34,-0.002511285932604071,-0.00886125090967274,0.0037060745078478447,1425
sector,35,-0.0010139722028621508,-0.007183743770257737,0.005290802854221835,1425
sector,36,-0.0001342020750408802,-0.006543552282100578,0.006184031690403437,1425
sector,37,-0.0004660621479148626,-0.00684235123064601,0.00587513644948708,1425
sector,38,0.0008486870070151233,-0.005587498263035837,0.007450616712232979,1425
sector,39,0.001143679970045675,-0.005380846224457869,0.00799113680011645,1425
sector,40,0.0007213086816294274,-0.005927518500546379,0.007451377788326765,1425
sector,41,0.0006243373929390031,-0.006118292935972512,0.007267671631462091,1425
sector,42,0.0006838190290862457,-0.006105539774820471,0.0075249248210005745,1425
sector,43,0.00042775644078118315,-0.00659587147454425,0.007222197951222316,1425
sector,44,0.0005386485939192615,-0.006468188603671416,0.007448272299302084,1425
sector,45,0.0013325759145384783,-0.005907938590595684,0.008499244089695544,1425
sector,46,0.0028245113621222138,-0.004627130756087028,0.009909584580449939,1425
sector,47,0.003754088154220713,-0.003909665557821132,0.01151477229165337,1425
sector,48,0.005363774566960359,-0.002559823141064329,0.01339548852605314,1425
sector,49,0.002969877935974447,-0.004691416290615006,0.010657649105903966,1425
sector,50,0.0031696268228721567,-0.004523286778882218,0.01048072061642697,1425
sector,51,0.0026084029022783563,-0.005174897929611624,0.010018063513120972,1425
sector,52,0.0029645551279454457,-0.004607983617558782,0.010477830898240904,1425
sector,53,0.0041206077786576185,-0.003440806668577666,0.011560985560109295,1425
sector,54,0.0022367539122853854,-0.005228007676307072,0.009277643528411672,1425
sector,55,0.004455123415178738,-0.0030749463935245804,0.011802428653600993,1425
sector,56,0.00337238524088938,-0.004329579389236305,0.011029780524479723,1425
sector,57,0.0025078150446058655,-0.00550440294445097,0.010428162329857549,1425
sector,58,0.0039042984360256913,-0.004035325523695024,0.011933338178031385,1425
sector,59,0.0035431019810376664,-0.0044618377132783745,0.011623159659292184,1425
sector,60,0.003243362309012139,-0.004641343313969536,0.011002582802499139,1425
idiosyncratic,0,0.0,0.0,0.0,8089
idiosyncratic,1,-0.0005055512970378874,-0.0010028515336796852,-3.5669339703598035e-05,8089
idiosyncratic,2,-0.0008389882383286558,-0.0014425845922961464,-0.00020230089930153825,8089
idiosyncratic,3,-0.0010363077657042702,-0.0017731023115471992,-0.0002826068870510459,8089
idiosyncratic,4,-0.00157376988704848,-0.0023914426241015032,-0.0007098379221783935,8089
idiosyncratic,5,-0.0017983305924811647,-0.002659818891339843,-0.0008961838363942057,8089
idiosyncratic,6,-0.0016241416525326435,-0.0025850005001254693,-0.0006636027204946574,8089
idiosyncratic,7,-0.0016618439239225067,-0.0026784057571337095,-0.0006431323111894605,8089
idiosyncratic,8,-0.002039597099936248,-0.0030906521777737126,-0.0009610686484263531,8089
idiosyncratic,9,-0.0019841291091635136,-0.003085240372970134,-0.000839421671989823,8089
idiosyncratic,10,-0.001761368232427264,-0.0029046270459014735,-0.0005857252284118467,8089
idiosyncratic,11,-0.0021247433587800813,-0.0033572362752450255,-0.0008955148247179967,8089
idiosyncratic,12,-0.0023491583728002343,-0.003640178296379651,-0.0011045394874814713,8089
idiosyncratic,13,-0.0025406335063549754,-0.003888950907167151,-0.0012082965934329243,8089
idiosyncratic,14,-0.00228973328464159,-0.0036577558280576693,-0.0008650692836327934,8089
idiosyncratic,15,-0.002464943505951484,-0.003962572438716463,-0.0009501014510466526,8089
idiosyncratic,16,-0.002140918660807813,-0.0036773654387747567,-0.00048581765798123725,8089
idiosyncratic,17,-0.002353130942223357,-0.003995347141278757,-0.0006036017490288619,8089
idiosyncratic,18,-0.0025514429674894164,-0.0042062148412405536,-0.000928638774583433,8089
idiosyncratic,19,-0.0024793060263781095,-0.004218524610134796,-0.0007654344631915325,8089
idiosyncratic,20,-0.002323885274891789,-0.004069211495138464,-0.0006153679109509338,8089
idiosyncratic,21,-0.0018584317160423717,-0.0036106631619995597,-0.00016711442634720296,8089
idiosyncratic,22,-0.0018101749916631866,-0.0035971780820959706,-8.693431695108714e-05,8089
idiosyncratic,23,-0.002107529380101471,-0.0039084821655114045,-0.0003332704334681584,8089
idiosyncratic,24,-0.002353654157110134,-0.004136046745647957,-0.0005465922755175619,8089
idiosyncratic,25,-0.0019400495571497251,-0.003806838963070968,-9.744411078605233e-05,8089
idiosyncratic,26,-0.0017896860756368973,-0.003678512265426836,0.00015992108489801713,8089
idiosyncratic,27,-0.001995699902021557,-0.0038947619106325477,-2.4018770600458298e-05,8089
idiosyncratic,28,-0.002643118568563097,-0.0046742731078297664,-0.0006398696213179126,8089
idiosyncratic,29,-0.0028778943713797683,-0.004906591342386115,-0.0008641712447205698,8089
idiosyncratic,30,-0.002836632418033732,-0.004853988983479655,-0.0007420986298600024,8089
idiosyncratic,31,-0.0030036312689691686,-0.005055899489940319,-0.0009148375773044575,8089
idiosyncratic,32,-0.002883721247209794,-0.004985882046397686,-0.0007831414659632096,8089
idiosyncratic,33,-0.003023582304254566,-0.005180910650719211,-0.0008908126422634503,8089
idiosyncratic,34,-0.0032007493542051237,-0.005384355436215077,-0.0010636917548143272,8089
idiosyncratic,35,-0.0032853141071853896,-0.005515243978144102,-0.0010352575078463467,8089
idiosyncratic,36,-0.0038250587212667387,-0.0061444255394162576,-0.0015402705119004086,8089
idiosyncratic,37,-0.0038882062603108405,-0.006211419804428739,-0.0015757638815666907,8089
idiosyncratic,38,-0.0035878583580251787,-0.0059089149489744,-0.0013244240741319237,8089
idiosyncratic,39,-0.004038578999534903,-0.006363453357238553,-0.0017115592453277328,8089
idiosyncratic,40,-0.004133352003286605,-0.00651372859362872,-0.0017718419893841297,8089
idiosyncratic,41,-0.004337068736699975,-0.006734340859907206,-0.001938693232537054,8089
idiosyncratic,42,-0.004220871307016059,-0.006554896849231221,-0.00185935921005551,8089
idiosyncratic,43,-0.004418144814608572,-0.0068245673228445715,-0.002026514080102888,8089
idiosyncratic,44,-0.004858307182441196,-0.007249856754318801,-0.0024704240132133654,8089
idiosyncratic,45,-0.005155960022482786,-0.007614566828973757,-0.0027544448284109136,8089
idiosyncratic,46,-0.005409933261171743,-0.007837026778026838,-0.0029600867796364064,8089
idiosyncratic,47,-0.0056631516587101,-0.008122917146714051,-0.0031780898304879443,8089
idiosyncratic,48,-0.0057934355141383,-0.008255230139221284,-0.0032632102852192648,8089
idiosyncratic,49,-0.005609075884856321,-0.008129848309545138,-0.002939512775228481,8089
idiosyncratic,50,-0.005740462502428744,-0.008357249158836852,-0.0030667580228895177,8089
idiosyncratic,51,-0.005766164032429931,-0.008435386827377796,-0.0029843164429354026,8089
idiosyncratic,52,-0.0054881892935502415,-0.008178766184875931,-0.0026440136850010842,8089
idiosyncratic,53,-0.005288554558544516,-0.007999503087822617,-0.0024654863290969925,8089
idiosyncratic,54,-0.00514659647106038,-0.007864276849862245,-0.002267386924487246,8089
idiosyncratic,55,-0.005632099341820313,-0.008304455114814339,-0.0028061914333258275,8089
idiosyncratic,56,-0.005530586211825548,-0.008318240547386061,-0.0026171357746646463,8089
idiosyncratic,57,-0.0055284996859271554,-0.00830366768584469,-0.0026825101280157637,8089
idiosyncratic,58,-0.005562442676303924,-0.008400389861879578,-0.002677889889402296,8089
idiosyncratic,59,-0.0059181185717971044,-0.008791592191086973,-0.003058686998328205,8089
idiosyncratic,60,-0.005916983644398615,-0.008798615609705119,-0.002973577572025881,8089
avol_q4_highest,0,0.0,0.0,0.0,3625
avol_q4_highest,1,-0.0007910392333131845,-0.0017002406435499193,9.856646047148718e-05,3625
avol_q4_highest,2,-0.0012273126941943948,-0.0024760387136060565,2.8514584697376255e-05,3625
avol_q4_highest,3,-0.001787170789684912,-0.0032068117271376382,-0.0003698949422358595,3625
avol_q4_highest,4,-0.0015284097638573778,-0.0031408897015954237,4.0502452868255035e-05,3625
avol_q4_highest,5,-0.002140138958944252,-0.003797157527784469,-0.0005222916416059339,3625
avol_q4_highest,6,-0.0011093609162575791,-0.0029972974957758573,0.0007588761080724131,3625
avol_q4_highest,7,-0.0009083521994800877,-0.0029440825922403616,0.0010793017960056203,3625
avol_q4_highest,8,-0.0014254912269441428,-0.003483669883751877,0.0006682109051365084,3625
avol_q4_highest,9,-0.0016545498466364044,-0.0038025994865325836,0.0005506368197641848,3625
avol_q4_highest,10,-0.0019381679458680627,-0.004154754575232315,0.0002463990633788361,3625
avol_q4_highest,11,-0.0009595963234932711,-0.0033886567747297563,0.001409582833200343,3625
avol_q4_highest,12,-0.0013080691665128086,-0.0038449172694463977,0.0011045878272328668,3625
avol_q4_highest,13,-0.0013606510944957485,-0.0038824145499767866,0.0011694889960201073,3625
avol_q4_highest,14,-0.00155475974310921,-0.004076161001106136,0.0010034400551317756,3625
avol_q4_highest,15,-0.0018852132179233954,-0.004499272420213629,0.0008582038057694432,3625
avol_q4_highest,16,-0.001336191919452401,-0.004072942612721038,0.0014656021513275274,3625
avol_q4_highest,17,-0.0017453611111856722,-0.004500350721940412,0.0010325671790731088,3625
avol_q4_highest,18,-0.001578064233499036,-0.0044538566636534455,0.0013175814848717861,3625
avol_q4_highest,19,-0.0018303134253468394,-0.004729026250280399,0.0010783736837291435,3625
avol_q4_highest,20,-0.0014841598038218234,-0.00437025005023999,0.0015112318008039434,3625
avol_q4_highest,21,-0.0002940886422792732,-0.0033016745941174775,0.002720117067083755,3625
avol_q4_highest,22,-0.0005326842317701951,-0.0034640146291253166,0.0024747332914617937,3625
avol_q4_highest,23,-0.0002849593227977029,-0.0033265964961715854,0.0027544075538815647,3625
avol_q4_highest,24,-0.00010926292487868332,-0.0032617933575364976,0.0031712873647352395,3625
avol_q4_highest,25,0.00021747075266855345,-0.003041715983273841,0.0034633140783334134,3625
avol_q4_highest,26,0.0002845577611637884,-0.0030704811315213996,0.0037062406794801006,3625
avol_q4_highest,27,7.9799210213027e-06,-0.003451181949230728,0.003475598794390464,3625
avol_q4_highest,28,-0.0006259302953406271,-0.004117484065546321,0.002894750405628289,3625
avol_q4_highest,29,-0.0012431945841304937,-0.004802419605272237,0.002315781216732835,3625
avol_q4_highest,30,-0.0010929437175572808,-0.004694871450779062,0.0025849085187912226,3625
avol_q4_highest,31,-0.0010901719011023687,-0.0047532059127061346,0.0027230193429655628,3625
avol_q4_highest,32,-0.0006485158338650413,-0.004332856667633415,0.003135168770976102,3625
avol_q4_highest,33,-0.0005976276299138555,-0.0043039210264944625,0.003201742204152024,3625
avol_q4_highest,34,-0.0005394718419818165,-0.004290856096290317,0.0032616142814897563,3625
avol_q4_highest,35,-0.0008436468298886545,-0.004636292259798756,0.0029820172574587453,3625
avol_q4_highest,36,-0.0005465027815638509,-0.0044570372918143275,0.0033432331384460577,3625
avol_q4_highest,37,-0.0008397057516783659,-0.0047834571782571665,0.0030461509219091476,3625
avol_q4_highest,38,8.374822086772444e-05,-0.0039232837528403175,0.004121278906048753,3625
avol_q4_highest,39,-0.00020622618311969958,-0.0043458205352841376,0.0039035192662229138,3625
avol_q4_highest,40,-0.0003784483403607942,-0.004492899821520965,0.0038255512063846623,3625
avol_q4_highest,41,-0.0003073977050374004,-0.004475164455585469,0.0038905742873271087,3625
avol_q4_highest,42,-0.00032934166603535515,-0.004507459240993281,0.003867915770104862,3625
avol_q4_highest,43,-0.000151074392552537,-0.004419884762041828,0.004192505717798834,3625
avol_q4_highest,44,-2.8926361312215167e-05,-0.004365807735427383,0.004197428247993139,3625
avol_q4_highest,45,0.0005412225281946797,-0.003830714483305681,0.004871443971414858,3625
avol_q4_highest,46,0.00037739223166396535,-0.004042228438675232,0.004803614498753594,3625
avol_q4_highest,47,0.00014715784418539227,-0.004354604924085201,0.004601204065994641,3625
avol_q4_highest,48,-0.0005878024531678691,-0.00498879453127701,0.0037935910342382405,3625
avol_q4_highest,49,-0.00015701358773523346,-0.004593859671546472,0.004274467039423905,3625
avol_q4_highest,50,-0.0004552883909957964,-0.004928019791135752,0.004081238156687094,3625
avol_q4_highest,51,-0.00041580099067685866,-0.004961011983910181,0.004157065222074016,3625
avol_q4_highest,52,-9.649952567342262e-05,-0.004641516534677316,0.004484710438239886,3625
avol_q4_highest,53,8.025796299036589e-06,-0.004467356951168455,0.004644873390499644,3625
avol_q4_highest,54,4.3305085828396215e-05,-0.00460585041437723,0.0046081326877326955,3625
avol_q4_highest,55,-1.7462803178670053e-05,-0.004611531675682244,0.004634193639972133,3625
avol_q4_highest,56,0.00046913423400885267,-0.004284280332138152,0.005296811565429234,3625
avol_q4_highest,57,0.0011063923531107831,-0.00368270552571757,0.0061471612402499605,3625
avol_q4_highest,58,0.000436909200734694,-0.004303038870614404,0.005376762058846001,3625
avol_q4_highest,59,0.000549119155646484,-0.004188245895789309,0.005506009313286118,3625
avol_q4_highest,60,0.0008804388394716024,-0.0038342353954224505,0.005820616709452961,3625
avol_q1_lowest,0,0.0,0.0,0.0,3638
avol_q1_lowest,1,-0.0014304672474233905,-0.002081537753968862,-0.0007989865888930439,3638
avol_q1_lowest,2,-0.0012805987657331461,-0.002102162376796642,-0.00042244862447543796,3638
avol_q1_lowest,3,-0.0024455271562957613,-0.003513476495372421,-0.001408243112343358,3638
avol_q1_lowest,4,-0.002956007915115064,-0.004194716922689818,-0.0017435256891306942,3638
avol_q1_lowest,5,-0.003822635593038678,-0.005200113062678174,-0.002530047874636456,3638
avol_q1_lowest,6,-0.0038622325555753606,-0.005227532007801221,-0.0025369432579881246,3638
avol_q1_lowest,7,-0.0039338909256185954,-0.0054331090979216415,-0.0025074874060218573,3638
avol_q1_lowest,8,-0.0037674686182318905,-0.00535293788351142,-0.0022943564743244994,3638
avol_q1_lowest,9,-0.0033036792791277685,-0.0050784205904576074,-0.001670742348639296,3638
avol_q1_lowest,10,-0.004708215955967186,-0.006625639248267263,-0.002974665855382868,3638
avol_q1_lowest,11,-0.003945552130545836,-0.005925862919560517,-0.0021299025310000156,3638
avol_q1_lowest,12,-0.004197724187394096,-0.006247017607298933,-0.0022859676595791806,3638
avol_q1_lowest,13,-0.004691521081509495,-0.006694731432446521,-0.002702036986883501,3638
avol_q1_lowest,14,-0.005241050789382327,-0.007423582718904666,-0.003217707669360236,3638
avol_q1_lowest,15,-0.005682259256267412,-0.007951258956301107,-0.0035881506083444707,3638
avol_q1_lowest,16,-0.006055284727610679,-0.008401948692414231,-0.003839815567104426,3638
avol_q1_lowest,17,-0.0064263397754807825,-0.008722306114017243,-0.004286128349543655,3638
avol_q1_lowest,18,-0.006391791099003089,-0.008789627953577378,-0.004226405765471399,3638
avol_q1_lowest,19,-0.006266136573593242,-0.00858739617835433,-0.004056204964399254,3638
avol_q1_lowest,20,-0.005785568116154284,-0.008235669402828705,-0.00349384581316025,3638
avol_q1_lowest,21,-0.005266164208976441,-0.007762209045975909,-0.0028490314701613844,3638
avol_q1_lowest,22,-0.004491185009981333,-0.007018832313492535,-0.002062361397531588,3638
avol_q1_lowest,23,-0.004770282681041664,-0.007324750298585118,-0.0022992873577751274,3638
avol_q1_lowest,24,-0.004966498444082766,-0.007601679171485978,-0.002400593121251334,3638
avol_q1_lowest,25,-0.00502760539054239,-0.0077413931035816945,-0.0024087157408062936,3638
avol_q1_lowest,26,-0.00525925774092443,-0.008041873179241843,-0.0025085047635154713,3638
avol_q1_lowest,27,-0.005789625222173023,-0.008646121636861542,-0.0029958981307186263,3638
avol_q1_lowest,28,-0.006036793244015399,-0.008854093027795627,-0.0032376231506467106,3638
avol_q1_lowest,29,-0.005493400994634398,-0.008336512952220354,-0.002652923695725999,3638
avol_q1_lowest,30,-0.005815316803493132,-0.008765170828141636,-0.002833582487570121,3638
avol_q1_lowest,31,-0.00568384369504858,-0.008666707539419881,-0.002724662268236422,3638
avol_q1_lowest,32,-0.006201594905270863,-0.009220885953925746,-0.0032422420229525407,3638
avol_q1_lowest,33,-0.006171101553201555,-0.009156760740400043,-0.003121642163160766,3638
avol_q1_lowest,34,-0.006326529236766083,-0.009402411393978,-0.0033077086379893553,3638
avol_q1_lowest,35,-0.006284402321982891,-0.0093213578066409,-0.0031632131295414273,3638
avol_q1_lowest,36,-0.006741211192524047,-0.009868696696642202,-0.003640583753555575,3638
avol_q1_lowest,37,-0.007079243422097067,-0.010242125895551343,-0.003941550096658065,3638
avol_q1_lowest,38,-0.0069905516909787475,-0.01021081029270473,-0.0039400502277902065,3638
avol_q1_lowest,39,-0.006534096125705742,-0.009819392879952468,-0.0034472927833058154,3638
avol_q1_lowest,40,-0.006839599602611876,-0.010155008457781826,-0.003632785235926426,3638
avol_q1_lowest,41,-0.007372928901579984,-0.010716823572290627,-0.0040819443381398205,3638
avol_q1_lowest,42,-0.0066629022516470375,-0.010122580583125897,-0.0033441664846948415,3638
avol_q1_lowest,43,-0.007719441735285778,-0.011194206342169487,-0.004404129646612592,3638
avol_q1_lowest,44,-0.008001642807312746,-0.011509285642804413,-0.004586620611088531,3638
avol_q1_lowest,45,-0.008405329565215678,-0.011915411886160904,-0.00496242569000863,3638
avol_q1_lowest,46,-0.008389819073461762,-0.011945237055211966,-0.004906548407234029,3638
avol_q1_lowest,47,-0.008687474258242714,-0.012273130361262092,-0.005191269132067666,3638
avol_q1_lowest,48,-0.00881791092406876,-0.012404505269166128,-0.005288097445218141,3638
avol_q1_lowest,49,-0.009263487286944849,-0.012909076174444414,-0.005751056700827814,3638
avol_q1_lowest,50,-0.008913776290596585,-0.012544101989358193,-0.005314500872564902,3638
avol_q1_lowest,51,-0.00930459782131861,-0.012949195525713773,-0.005618941998059877,3638
avol_q1_lowest,52,-0.009450053254437134,-0.013242652018582855,-0.005866268808605787,3638
avol_q1_lowest,53,-0.009180780555510908,-0.01291528790179789,-0.005559937858336602,3638
avol_q1_lowest,54,-0.00895198337871228,-0.012675013394804393,-0.0053082237229283005,3638
avol_q1_lowest,55,-0.009149483321365531,-0.012837140484106056,-0.005487945258614637,3638
avol_q1_lowest,56,-0.010073797608465503,-0.013806040338640507,-0.006399616157485978,3638
avol_q1_lowest,57,-0.011087854046001955,-0.014884032706727198,-0.0074086156140453,3638
avol_q1_lowest,58,-0.010061008817255898,-0.013926175915219793,-0.006264398718761485,3638
avol_q1_lowest,59,-0.00985860904258466,-0.013681505674297314,-0.00610138863765691,3638
avol_q1_lowest,60,-0.009869101928723768,-0.013755995068319602,-0.006109244348582937,3638
high_vix,0,0.0,0.0,0.0,3698
high_vix,1,-0.002210543188722657,-0.0032671629434664544,-0.0010779196217975454,3698
high_vix,2,-0.00219972719575577,-0.0036444369026456154,-0.0006272799288420759,3698
high_vix,3,-0.0043853294071015455,-0.00604895210925099,-0.0026583365731331922,3698
high_vix,4,-0.0018580781099229915,-0.003827483462154777,7.78453164790018e-05,3698
high_vix,5,-0.004062983108016019,-0.006127181737278519,-0.0020458305612500935,3698
high_vix,6,-0.003309213179432623,-0.005633156499003218,-0.000959099812776382,3698
high_vix,7,-0.003675011961003573,-0.006138353717799071,-0.0011796101299440952,3698
high_vix,8,-0.0025701906864637916,-0.005005369310208676,-7.020281009445219e-05,3698
high_vix,9,-0.00031041713842412167,-0.0027810124298897365,0.0022072198528634555,3698
high_vix,10,-0.0008109377504818738,-0.003379986366165205,0.0017504409291407951,3698
high_vix,11,0.0013307129683012547,-0.0014133206865148081,0.004057086106895837,3698
high_vix,12,0.0010722185183203708,-0.001829695827303967,0.0040710904497336005,3698
high_vix,13,0.0007040369243091683,-0.002205803479901567,0.003933481924598148,3698
high_vix,14,-0.0003152062568722253,-0.003470272221022498,0.002906695960228927,3698
high_vix,15,-0.0032702366478804994,-0.0064784485011198925,3.845218240506753e-06,3698
high_vix,16,-0.003482642775537143,-0.007069815227253958,6.703080270876553e-05,3698
high_vix,17,-0.0025123608009698477,-0.006008957241065051,0.0012071540292426515,3698
high_vix,18,-0.003750401769356547,-0.007193165059975923,-0.0001761644060313042,3698
high_vix,19,-0.0032310734605084527,-0.006865532693297236,0.00045553065115148267,3698
high_vix,20,-0.001823027125683762,-0.005344401934241168,0.0017205180284415908,3698
high_vix,21,-0.0006853052404177679,-0.004297406616507648,0.0029248768479463666,3698
high_vix,22,-0.0008206964379381307,-0.004344708808629119,0.0027370941925798963,3698
high_vix,23,-0.0003531677023336773,-0.003869844557498955,0.0030469908888479595,3698
high_vix,24,0.0002610105790699587,-0.003431516997170664,0.0039028730264203055,3698
high_vix,25,-0.0007390412960298117,-0.004396585249126149,0.0029772328013995173,3698
high_vix,26,-0.0008046436470147244,-0.004714371750555685,0.002992154718826727,3698
high_vix,27,-0.0011916177152560493,-0.005257722380630894,0.002691844892125981,3698
high_vix,28,-0.001580403167146741,-0.005673241781993088,0.0025655192812607973,3698
high_vix,29,-0.00019943374495180326,-0.004315799997514217,0.003870120223669511,3698
high_vix,30,0.00044622704250943753,-0.0036815020186843355,0.00451896284669605,3698
high_vix,31,-0.0002624248848562234,-0.004443683436762469,0.0039977669939198655,3698
high_vix,32,-0.000298151864380009,-0.004510258538623332,0.0040137376648043685,3698
high_vix,33,-0.0005819234222753873,-0.004841389480362954,0.0038934936033355383,3698
high_vix,34,-0.00015493062075974632,-0.00443798207138143,0.004411641842575181,3698
high_vix,35,-0.0001513728167985846,-0.004473921794261939,0.004505205554225561,3698
high_vix,36,0.0010061069451726757,-0.003375978149946887,0.0056435624465342865,3698
high_vix,37,-0.0003548241432542379,-0.0047158731949332785,0.004127161146081895,3698
high_vix,38,-0.0003870539546004768,-0.004653605678407113,0.004024311241248592,3698
high_vix,39,-0.0001897222098305318,-0.004631769303965675,0.004354509431910906,3698
high_vix,40,-0.00041129707465398176,-0.004912053688816739,0.004167806198239962,3698
high_vix,41,-0.00024069746317803475,-0.0048491723396949255,0.0045104066335891185,3698
high_vix,42,0.0007876344491104984,-0.0038388824825904035,0.005555455307144726,3698
high_vix,43,0.00029150310856209945,-0.004445324640954141,0.005160144781063852,3698
high_vix,44,0.00048098104900764946,-0.0041981231817455516,0.005355470212379308,3698
high_vix,45,0.0006022073622536107,-0.00419421924862517,0.005481836653029885,3698
high_vix,46,0.000998905997044689,-0.0038236624965892014,0.005989893327739361,3698
high_vix,47,0.0008532489344256208,-0.00401628676768672,0.006058514764851321,3698
high_vix,48,0.0010720039881746283,-0.00404644593301104,0.006395334784561307,3698
high_vix,49,0.0009233582826254812,-0.004138783355847946,0.006220513203708261,3698
high_vix,50,0.0020843507302072454,-0.0029950202417437692,0.007514779968947023,3698
high_vix,51,0.0025373310301310607,-0.0026777833518413442,0.00800305788526096,3698
high_vix,52,0.0038244416145411663,-0.0013687799762700692,0.009219908090694541,3698
high_vix,53,0.0037146505035415525,-0.0015263028287236982,0.00909125803109452,3698
high_vix,54,0.003576832887081384,-0.0016680529755396848,0.008742768364307619,3698
high_vix,55,0.004337586538850429,-0.0008351532735311752,0.009535100429650157,3698
high_vix,56,0.005464930102359189,5.493303874532861e-05,0.010971095504790583,3698
high_vix,57,0.005300884036600296,-9.918502274049659e-05,0.010803278320742979,3698
high_vix,58,0.006500340768385632,0.001106781975653671,0.01209114366855315,3698
high_vix,59,0.006401128613224417,0.0010625772059748844,0.011860964740240948,3698
high_vix,60,0.007155948059815237,0.0017345311538708298,0.012637061834092677,3698
low_vix,0,0.0,0.0,0.0,10838
low_vix,1,-0.0006440061487834,-0.0010220272600379022,-0.00025105358479983475,10838
low_vix,2,-0.0009931259397272785,-0.0014861554897629698,-0.0004799747705060135,10838
low_vix,3,-0.0012444421909769176,-0.0018258945440837759,-0.000675150818758864,10838
low_vix,4,-0.001950425917336175,-0.0026336073863579453,-0.0012954037490887165,10838
low_vix,5,-0.002299497345644259,-0.0030156522789221416,-0.001612253975393027,10838
low_vix,6,-0.0021926743267067835,-0.0030025960662831367,-0.001409701219384739,10838
low_vix,7,-0.0020545381636657453,-0.0028989556794051024,-0.0011815080877855396,10838
low_vix,8,-0.0024048941343646525,-0.0033174801021952317,-0.0015050132651738522,10838
low_vix,9,-0.0024149996944842016,-0.0033808534099319973,-0.0014196456841350637,10838
low_vix,10,-0.0024505172766142967,-0.0034783821767365277,-0.001401068581780596,10838
low_vix,11,-0.0026437610813058047,-0.0037005094627810087,-0.0015677101598109988,10838
low_vix,12,-0.0028177378122586846,-0.003946140975857512,-0.001689543394770074,10838
low_vix,13,-0.0030216476785587076,-0.004222390507265329,-0.0018888037537940034,10838
low_vix,14,-0.0029885985966082973,-0.004199109393902954,-0.0018348551439776677,10838
low_vix,15,-0.002846573969634564,-0.004087636540093706,-0.0016228862630043573,10838
low_vix,16,-0.0026783495951835114,-0.004001527184044545,-0.0014222070622733258,10838
low_vix,17,-0.0032000530642031337,-0.004538025752307857,-0.001907568732271126,10838
low_vix,18,-0.0032706383277370313,-0.004648636152932917,-0.001911090099108333,10838
low_vix,19,-0.0029885623875986127,-0.004381335138753812,-0.0016487200169403471,10838
low_vix,20,-0.0029949971447149285,-0.004422280384908317,-0.0016339826249847822,10838
low_vix,21,-0.0024195581780152224,-0.0039102424114507974,-0.0010868957825341669,10838
low_vix,22,-0.002238098024037932,-0.0037374685888660578,-0.000880488015501866,10838
low_vix,23,-0.0026892156527814973,-0.0041862307762722175,-0.0012664263192022544,10838
low_vix,24,-0.003264690537917258,-0.004833895541829799,-0.0017863474033410274,10838
low_vix,25,-0.0030283733058034546,-0.0045975854162500565,-0.0014720573423652994,10838
low_vix,26,-0.002930074037512285,-0.0045162196432098674,-0.0012956795485925792,10838
low_vix,27,-0.0033601260348549195,-0.004960046615750802,-0.0016768373999872183,10838
low_vix,28,-0.003821535975836495,-0.005452650668941722,-0.0020894059315475816,10838
low_vix,29,-0.004034928483611895,-0.005732650745396389,-0.002269385124921063,10838
low_vix,30,-0.004132149316180061,-0.00583368944277766,-0.002369328570472525,10838
low_vix,31,-0.004141208998394861,-0.005852954473101066,-0.0023303268036391407,10838
low_vix,32,-0.0041715645005728705,-0.00585796789616016,-0.002351054494791911,10838
low_vix,33,-0.004276090380068856,-0.006046143972591498,-0.002454884803521196,10838
low_vix,34,-0.004601822505343607,-0.006436856012454447,-0.0027702346405547545,10838
low_vix,35,-0.0048653976836658674,-0.006677785252641969,-0.002976217470300236,10838
low_vix,36,-0.005320699831492188,-0.007144608452196471,-0.0034351685554889462,10838
low_vix,37,-0.0051996750261041206,-0.0070733055769904895,-0.003291984038365482,10838
low_vix,38,-0.004842794553060833,-0.006730994410978305,-0.002913358171673312,10838
low_vix,39,-0.00500529145148012,-0.006911674762139567,-0.0030740677189542076,10838
low_vix,40,-0.005123214997251937,-0.006989724127460875,-0.0031333393640647603,10838
low_vix,41,-0.0055226239899236005,-0.007398128812964876,-0.0035546152442548005,10838
low_vix,42,-0.005456263080983007,-0.007381056071115701,-0.0033846081536242807,10838
low_vix,43,-0.005863408049234872,-0.007848248591641455,-0.0037544037929250545,10838
low_vix,44,-0.006239628252877709,-0.00823346439628373,-0.004165539313506595,10838
low_vix,45,-0.006390007973970764,-0.00839861839858982,-0.004261295874835463,10838
low_vix,46,-0.00654788158291571,-0.008558706160010993,-0.004410357629006118,10838
low_vix,47,-0.006918687195432174,-0.008988068701539637,-0.004712052730326666,10838
low_vix,48,-0.007006073533826011,-0.009082234868863575,-0.004795080228800437,10838
low_vix,49,-0.007083900811553235,-0.009184393349526993,-0.004877260039691664,10838
low_vix,50,-0.007218894696178475,-0.009350742611803495,-0.004985523990178838,10838
low_vix,51,-0.00749994577283976,-0.009658509659871339,-0.005289341226623788,10838
low_vix,52,-0.00739860773211437,-0.009520838069977253,-0.005132799904534562,10838
low_vix,53,-0.007128213624741428,-0.009312006984788467,-0.004819867855760312,10838
low_vix,54,-0.007239164309142202,-0.009429319743045263,-0.0049853626442747795,10838
low_vix,55,-0.007586257243167235,-0.009801658197783265,-0.005265830025230452,10838
low_vix,56,-0.007952044226048071,-0.010158151535863146,-0.005589078199118752,10838
low_vix,57,-0.008164237405853713,-0.010391814588605885,-0.00586271056639734,10838
low_vix,58,-0.00795235619824462,-0.010230815315460875,-0.005606902487223423,10838
low_vix,59,-0.007938222525418426,-0.010233765433095237,-0.0055387683129158255,10838
low_vix,60,-0.00814030340604776,-0.010501720524615095,-0.005672814777155247,10838
